name,label,layer,token_position,pooling_mode,pc_1,pc_2,pc_3
current_sparsity__layer_-1__all_context__per_variate,current_sparsity,-1,all_context,per_variate,0.4603701,0.008380767,0.02566604
current_sparsity__layer_-1__all_context__series_mean,current_sparsity,-1,all_context,series_mean,0.46776718,0.0073515037,0.023842938
current_sparsity__layer_-1__final_context__per_variate,current_sparsity,-1,final_context,per_variate,0.44630525,0.014571357,0.02404862
current_sparsity__layer_-1__final_context__series_mean,current_sparsity,-1,final_context,series_mean,0.46180907,0.0094904015,0.021966944
current_sparsity__layer_-1__first_decode__per_variate,current_sparsity,-1,first_decode,per_variate,0.46579784,0.0076490054,0.023790382
current_sparsity__layer_-1__first_decode__series_mean,current_sparsity,-1,first_decode,series_mean,0.46572414,0.007712857,0.023580767
current_sparsity__layer_0__all_context__per_variate,current_sparsity,0,all_context,per_variate,0.46032757,0.008254807,0.025837667
current_sparsity__layer_0__all_context__series_mean,current_sparsity,0,all_context,series_mean,0.4677355,0.00726328,0.023953302
current_sparsity__layer_0__final_context__per_variate,current_sparsity,0,final_context,per_variate,0.44627807,0.014451195,0.024230113
current_sparsity__layer_0__final_context__series_mean,current_sparsity,0,final_context,series_mean,0.46177846,0.009400104,0.0220907
current_sparsity__layer_0__first_decode__per_variate,current_sparsity,0,first_decode,per_variate,0.46576506,0.0075324713,0.023951955
current_sparsity__layer_0__first_decode__series_mean,current_sparsity,0,first_decode,series_mean,0.4656929,0.007627098,0.023678595
current_sparsity__layer_1__all_context__per_variate,current_sparsity,1,all_context,per_variate,0.46037462,0.008141177,0.026011096
current_sparsity__layer_1__all_context__series_mean,current_sparsity,1,all_context,series_mean,0.4677666,0.0071833786,0.02406305
current_sparsity__layer_1__final_context__per_variate,current_sparsity,1,final_context,per_variate,0.44632235,0.014346514,0.024386786
current_sparsity__layer_1__final_context__series_mean,current_sparsity,1,final_context,series_mean,0.46181956,0.009328576,0.022207422
current_sparsity__layer_1__first_decode__per_variate,current_sparsity,1,first_decode,per_variate,0.46580938,0.007446366,0.024099192
current_sparsity__layer_1__first_decode__series_mean,current_sparsity,1,first_decode,series_mean,0.46572384,0.0075462502,0.023755696
current_sparsity__layer_2__all_context__per_variate,current_sparsity,2,all_context,per_variate,0.4603325,0.008072392,0.026116438
current_sparsity__layer_2__all_context__series_mean,current_sparsity,2,all_context,series_mean,0.4677451,0.0071366015,0.024141287
current_sparsity__layer_2__final_context__per_variate,current_sparsity,2,final_context,per_variate,0.44627014,0.0142797055,0.024482194
current_sparsity__layer_2__final_context__series_mean,current_sparsity,2,final_context,series_mean,0.4618034,0.0092742415,0.022278603
current_sparsity__layer_2__first_decode__per_variate,current_sparsity,2,first_decode,per_variate,0.465748,0.007405024,0.024189694
current_sparsity__layer_2__first_decode__series_mean,current_sparsity,2,first_decode,series_mean,0.46569192,0.0075252745,0.023844542
current_sparsity__layer_3__all_context__per_variate,current_sparsity,3,all_context,per_variate,0.46034142,0.008097282,0.026314694
current_sparsity__layer_3__all_context__series_mean,current_sparsity,3,all_context,series_mean,0.4677462,0.007146009,0.024265831
current_sparsity__layer_3__final_context__per_variate,current_sparsity,3,final_context,per_variate,0.44627753,0.014316029,0.024687957
current_sparsity__layer_3__final_context__series_mean,current_sparsity,3,final_context,series_mean,0.46180955,0.009287677,0.022414666
current_sparsity__layer_3__first_decode__per_variate,current_sparsity,3,first_decode,per_variate,0.4657532,0.0074472115,0.024370106
current_sparsity__layer_3__first_decode__series_mean,current_sparsity,3,first_decode,series_mean,0.46567962,0.007525527,0.02395775
current_sparsity__layer_4__all_context__per_variate,current_sparsity,4,all_context,per_variate,0.46030247,0.00800762,0.0264907
current_sparsity__layer_4__all_context__series_mean,current_sparsity,4,all_context,series_mean,0.46772978,0.007079933,0.02437025
current_sparsity__layer_4__final_context__per_variate,current_sparsity,4,final_context,per_variate,0.44624355,0.0142460205,0.024861557
current_sparsity__layer_4__final_context__series_mean,current_sparsity,4,final_context,series_mean,0.46179682,0.009226154,0.022527963
current_sparsity__layer_4__first_decode__per_variate,current_sparsity,4,first_decode,per_variate,0.46571535,0.0073825214,0.024535138
current_sparsity__layer_4__first_decode__series_mean,current_sparsity,4,first_decode,series_mean,0.46566457,0.007460054,0.024070056
current_sparsity__layer_5__all_context__per_variate,current_sparsity,5,all_context,per_variate,0.46032447,0.008076791,0.026513778
current_sparsity__layer_5__all_context__series_mean,current_sparsity,5,all_context,series_mean,0.46774632,0.0071114143,0.024371684
current_sparsity__layer_5__final_context__per_variate,current_sparsity,5,final_context,per_variate,0.44627604,0.014324439,0.024898674
current_sparsity__layer_5__final_context__series_mean,current_sparsity,5,final_context,series_mean,0.46184418,0.009245289,0.022540458
current_sparsity__layer_5__first_decode__per_variate,current_sparsity,5,first_decode,per_variate,0.46574035,0.007452946,0.024590164
current_sparsity__layer_5__first_decode__series_mean,current_sparsity,5,first_decode,series_mean,0.4656864,0.00748275,0.024085239
current_sparsity__layer_6__all_context__per_variate,current_sparsity,6,all_context,per_variate,0.46022904,0.008149705,0.026471492
current_sparsity__layer_6__all_context__series_mean,current_sparsity,6,all_context,series_mean,0.4676878,0.0071514053,0.024347603
current_sparsity__layer_6__final_context__per_variate,current_sparsity,6,final_context,per_variate,0.44617784,0.014391855,0.024857998
current_sparsity__layer_6__final_context__series_mean,current_sparsity,6,final_context,series_mean,0.46178228,0.009272076,0.02252612
current_sparsity__layer_6__first_decode__per_variate,current_sparsity,6,first_decode,per_variate,0.4656393,0.007514029,0.024532422
current_sparsity__layer_6__first_decode__series_mean,current_sparsity,6,first_decode,series_mean,0.4656058,0.0075276033,0.024045724
current_sparsity__layer_7__all_context__per_variate,current_sparsity,7,all_context,per_variate,0.4602925,0.008121397,0.026511105
current_sparsity__layer_7__all_context__series_mean,current_sparsity,7,all_context,series_mean,0.46772507,0.0071316445,0.02437463
current_sparsity__layer_7__final_context__per_variate,current_sparsity,7,final_context,per_variate,0.44625822,0.014367826,0.024868622
current_sparsity__layer_7__final_context__series_mean,current_sparsity,7,final_context,series_mean,0.4618296,0.009242786,0.022550846
current_sparsity__layer_7__first_decode__per_variate,current_sparsity,7,first_decode,per_variate,0.46571127,0.0074993065,0.024571236
current_sparsity__layer_7__first_decode__series_mean,current_sparsity,7,first_decode,series_mean,0.4656495,0.0075139906,0.024092814
current_sparsity__layer_8__all_context__per_variate,current_sparsity,8,all_context,per_variate,0.4603792,0.008042351,0.02646204
current_sparsity__layer_8__all_context__series_mean,current_sparsity,8,all_context,series_mean,0.4677764,0.007088827,0.024344096
current_sparsity__layer_8__final_context__per_variate,current_sparsity,8,final_context,per_variate,0.4463495,0.014308621,0.024825556
current_sparsity__layer_8__final_context__series_mean,current_sparsity,8,final_context,series_mean,0.4618791,0.009209439,0.022527723
current_sparsity__layer_8__first_decode__per_variate,current_sparsity,8,first_decode,per_variate,0.4658146,0.007411379,0.024524862
current_sparsity__layer_8__first_decode__series_mean,current_sparsity,8,first_decode,series_mean,0.465696,0.0074598216,0.024045872
current_sparsity__layer_9__all_context__per_variate,current_sparsity,9,all_context,per_variate,0.46034738,0.007858239,0.026467465
current_sparsity__layer_9__all_context__series_mean,current_sparsity,9,all_context,series_mean,0.46775806,0.006965581,0.024357615
current_sparsity__layer_9__final_context__per_variate,current_sparsity,9,final_context,per_variate,0.4463205,0.0141323265,0.024804736
current_sparsity__layer_9__final_context__series_mean,current_sparsity,9,final_context,series_mean,0.4618611,0.009094543,0.022534559
current_sparsity__layer_9__first_decode__per_variate,current_sparsity,9,first_decode,per_variate,0.4658,0.0072426456,0.024504783
current_sparsity__layer_9__first_decode__series_mean,current_sparsity,9,first_decode,series_mean,0.4656815,0.007332219,0.024032174
current_sparsity__layer_10__all_context__per_variate,current_sparsity,10,all_context,per_variate,0.4603131,0.007860457,0.02653665
current_sparsity__layer_10__all_context__series_mean,current_sparsity,10,all_context,series_mean,0.4677365,0.0069813756,0.024396913
current_sparsity__layer_10__final_context__per_variate,current_sparsity,10,final_context,per_variate,0.446291,0.014119839,0.024882752
current_sparsity__layer_10__final_context__series_mean,current_sparsity,10,final_context,series_mean,0.46183664,0.009106456,0.022573283
current_sparsity__layer_10__first_decode__per_variate,current_sparsity,10,first_decode,per_variate,0.4657664,0.00722935,0.024585988
current_sparsity__layer_10__first_decode__series_mean,current_sparsity,10,first_decode,series_mean,0.4656554,0.007351143,0.024091229
current_sparsity__layer_11__all_context__per_variate,current_sparsity,11,all_context,per_variate,0.46022406,0.007801467,0.026408605
current_sparsity__layer_11__all_context__series_mean,current_sparsity,11,all_context,series_mean,0.46767986,0.0069705094,0.024300078
current_sparsity__layer_11__final_context__per_variate,current_sparsity,11,final_context,per_variate,0.44619632,0.014022098,0.02477004
current_sparsity__layer_11__final_context__series_mean,current_sparsity,11,final_context,series_mean,0.46177804,0.009085723,0.022483334
current_sparsity__layer_11__first_decode__per_variate,current_sparsity,11,first_decode,per_variate,0.465744,0.0072200084,0.024550306
current_sparsity__layer_11__first_decode__series_mean,current_sparsity,11,first_decode,series_mean,0.4656233,0.007347654,0.02407273
future_sparsity__layer_-1__all_context__per_variate,future_sparsity,-1,all_context,per_variate,0.46036997,0.008380785,0.025666013
future_sparsity__layer_-1__all_context__series_mean,future_sparsity,-1,all_context,series_mean,0.46776718,0.0073512853,0.023843179
future_sparsity__layer_-1__final_context__per_variate,future_sparsity,-1,final_context,per_variate,0.44630525,0.014571357,0.024048654
future_sparsity__layer_-1__final_context__series_mean,future_sparsity,-1,final_context,series_mean,0.46180907,0.0094904015,0.021966944
future_sparsity__layer_-1__first_decode__per_variate,future_sparsity,-1,first_decode,per_variate,0.46579784,0.0076490054,0.023790382
future_sparsity__layer_-1__first_decode__series_mean,future_sparsity,-1,first_decode,series_mean,0.46572414,0.007712857,0.023580767
future_sparsity__layer_0__all_context__per_variate,future_sparsity,0,all_context,per_variate,0.46032757,0.008254807,0.025837667
future_sparsity__layer_0__all_context__series_mean,future_sparsity,0,all_context,series_mean,0.4677355,0.00726328,0.023953302
future_sparsity__layer_0__final_context__per_variate,future_sparsity,0,final_context,per_variate,0.44627807,0.014451195,0.024230113
future_sparsity__layer_0__final_context__series_mean,future_sparsity,0,final_context,series_mean,0.46177846,0.009400104,0.0220907
future_sparsity__layer_0__first_decode__per_variate,future_sparsity,0,first_decode,per_variate,0.46576506,0.0075324713,0.023951955
future_sparsity__layer_0__first_decode__series_mean,future_sparsity,0,first_decode,series_mean,0.4656929,0.007627098,0.023678595
future_sparsity__layer_1__all_context__per_variate,future_sparsity,1,all_context,per_variate,0.46037462,0.008141177,0.026011096
future_sparsity__layer_1__all_context__series_mean,future_sparsity,1,all_context,series_mean,0.4677666,0.0071833786,0.02406305
future_sparsity__layer_1__final_context__per_variate,future_sparsity,1,final_context,per_variate,0.44632235,0.014346514,0.024386786
future_sparsity__layer_1__final_context__series_mean,future_sparsity,1,final_context,series_mean,0.46181956,0.009328576,0.022207422
future_sparsity__layer_1__first_decode__per_variate,future_sparsity,1,first_decode,per_variate,0.46580938,0.007446366,0.024099192
future_sparsity__layer_1__first_decode__series_mean,future_sparsity,1,first_decode,series_mean,0.46572384,0.0075462502,0.023755696
future_sparsity__layer_2__all_context__per_variate,future_sparsity,2,all_context,per_variate,0.4603325,0.008072392,0.026116438
future_sparsity__layer_2__all_context__series_mean,future_sparsity,2,all_context,series_mean,0.4677451,0.0071366015,0.024141287
future_sparsity__layer_2__final_context__per_variate,future_sparsity,2,final_context,per_variate,0.44627014,0.0142797055,0.024482194
future_sparsity__layer_2__final_context__series_mean,future_sparsity,2,final_context,series_mean,0.4618034,0.0092742415,0.022278603
future_sparsity__layer_2__first_decode__per_variate,future_sparsity,2,first_decode,per_variate,0.465748,0.007405024,0.024189694
future_sparsity__layer_2__first_decode__series_mean,future_sparsity,2,first_decode,series_mean,0.46569192,0.0075252745,0.023844542
future_sparsity__layer_3__all_context__per_variate,future_sparsity,3,all_context,per_variate,0.46034142,0.008097282,0.026314694
future_sparsity__layer_3__all_context__series_mean,future_sparsity,3,all_context,series_mean,0.4677462,0.007146009,0.024265831
future_sparsity__layer_3__final_context__per_variate,future_sparsity,3,final_context,per_variate,0.44627753,0.014316029,0.024687957
future_sparsity__layer_3__final_context__series_mean,future_sparsity,3,final_context,series_mean,0.46180955,0.009287677,0.022414666
future_sparsity__layer_3__first_decode__per_variate,future_sparsity,3,first_decode,per_variate,0.4657532,0.0074472115,0.024370106
future_sparsity__layer_3__first_decode__series_mean,future_sparsity,3,first_decode,series_mean,0.46567962,0.007525527,0.02395775
future_sparsity__layer_4__all_context__per_variate,future_sparsity,4,all_context,per_variate,0.46030247,0.00800762,0.0264907
future_sparsity__layer_4__all_context__series_mean,future_sparsity,4,all_context,series_mean,0.46772978,0.007079933,0.02437025
future_sparsity__layer_4__final_context__per_variate,future_sparsity,4,final_context,per_variate,0.44624355,0.0142460205,0.024861557
future_sparsity__layer_4__final_context__series_mean,future_sparsity,4,final_context,series_mean,0.46179682,0.009226154,0.022527963
future_sparsity__layer_4__first_decode__per_variate,future_sparsity,4,first_decode,per_variate,0.46571535,0.0073825214,0.024535138
future_sparsity__layer_4__first_decode__series_mean,future_sparsity,4,first_decode,series_mean,0.46566457,0.007460054,0.024070056
future_sparsity__layer_5__all_context__per_variate,future_sparsity,5,all_context,per_variate,0.46032447,0.008076791,0.026513778
future_sparsity__layer_5__all_context__series_mean,future_sparsity,5,all_context,series_mean,0.46774632,0.007111411,0.024371678
future_sparsity__layer_5__final_context__per_variate,future_sparsity,5,final_context,per_variate,0.44627604,0.014324436,0.024898674
future_sparsity__layer_5__final_context__series_mean,future_sparsity,5,final_context,series_mean,0.46184418,0.009245284,0.02254045
future_sparsity__layer_5__first_decode__per_variate,future_sparsity,5,first_decode,per_variate,0.46574035,0.007452946,0.024590164
future_sparsity__layer_5__first_decode__series_mean,future_sparsity,5,first_decode,series_mean,0.4656864,0.00748275,0.024085239
future_sparsity__layer_6__all_context__per_variate,future_sparsity,6,all_context,per_variate,0.46022904,0.008149705,0.026471492
future_sparsity__layer_6__all_context__series_mean,future_sparsity,6,all_context,series_mean,0.4676878,0.0071514053,0.024347603
future_sparsity__layer_6__final_context__per_variate,future_sparsity,6,final_context,per_variate,0.44617784,0.014391855,0.024857998
future_sparsity__layer_6__final_context__series_mean,future_sparsity,6,final_context,series_mean,0.46178228,0.009272076,0.02252612
future_sparsity__layer_6__first_decode__per_variate,future_sparsity,6,first_decode,per_variate,0.4656393,0.007514029,0.024532422
future_sparsity__layer_6__first_decode__series_mean,future_sparsity,6,first_decode,series_mean,0.4656058,0.0075276033,0.024045724
future_sparsity__layer_7__all_context__per_variate,future_sparsity,7,all_context,per_variate,0.4602925,0.008121397,0.026511105
future_sparsity__layer_7__all_context__series_mean,future_sparsity,7,all_context,series_mean,0.46772507,0.0071316445,0.02437463
future_sparsity__layer_7__final_context__per_variate,future_sparsity,7,final_context,per_variate,0.44625822,0.014367826,0.024868622
future_sparsity__layer_7__final_context__series_mean,future_sparsity,7,final_context,series_mean,0.4618296,0.009242786,0.022550846
future_sparsity__layer_7__first_decode__per_variate,future_sparsity,7,first_decode,per_variate,0.46571127,0.0074993065,0.024571236
future_sparsity__layer_7__first_decode__series_mean,future_sparsity,7,first_decode,series_mean,0.4656495,0.0075139906,0.024092814
future_sparsity__layer_8__all_context__per_variate,future_sparsity,8,all_context,per_variate,0.4603792,0.008042351,0.02646204
future_sparsity__layer_8__all_context__series_mean,future_sparsity,8,all_context,series_mean,0.4677764,0.007088827,0.024344096
future_sparsity__layer_8__final_context__per_variate,future_sparsity,8,final_context,per_variate,0.44634953,0.014308623,0.024825554
future_sparsity__layer_8__final_context__series_mean,future_sparsity,8,final_context,series_mean,0.4618791,0.009209442,0.022527725
future_sparsity__layer_8__first_decode__per_variate,future_sparsity,8,first_decode,per_variate,0.4658146,0.0074113826,0.024524864
future_sparsity__layer_8__first_decode__series_mean,future_sparsity,8,first_decode,series_mean,0.465696,0.0074598216,0.024045872
future_sparsity__layer_9__all_context__per_variate,future_sparsity,9,all_context,per_variate,0.46034738,0.007858239,0.026467465
future_sparsity__layer_9__all_context__series_mean,future_sparsity,9,all_context,series_mean,0.46775806,0.006965581,0.024357615
future_sparsity__layer_9__final_context__per_variate,future_sparsity,9,final_context,per_variate,0.4463205,0.0141323265,0.024804736
future_sparsity__layer_9__final_context__series_mean,future_sparsity,9,final_context,series_mean,0.4618611,0.009094543,0.022534559
future_sparsity__layer_9__first_decode__per_variate,future_sparsity,9,first_decode,per_variate,0.4658,0.0072426456,0.024504783
future_sparsity__layer_9__first_decode__series_mean,future_sparsity,9,first_decode,series_mean,0.4656815,0.007332219,0.024032174
future_sparsity__layer_10__all_context__per_variate,future_sparsity,10,all_context,per_variate,0.4603131,0.007860457,0.02653665
future_sparsity__layer_10__all_context__series_mean,future_sparsity,10,all_context,series_mean,0.4677365,0.0069813756,0.024396913
future_sparsity__layer_10__final_context__per_variate,future_sparsity,10,final_context,per_variate,0.446291,0.014119839,0.024882752
future_sparsity__layer_10__final_context__series_mean,future_sparsity,10,final_context,series_mean,0.46183664,0.009106456,0.022573283
future_sparsity__layer_10__first_decode__per_variate,future_sparsity,10,first_decode,per_variate,0.4657664,0.00722935,0.024585988
future_sparsity__layer_10__first_decode__series_mean,future_sparsity,10,first_decode,series_mean,0.4656554,0.007351143,0.024091229
future_sparsity__layer_11__all_context__per_variate,future_sparsity,11,all_context,per_variate,0.46022406,0.007801467,0.026408605
future_sparsity__layer_11__all_context__series_mean,future_sparsity,11,all_context,series_mean,0.46767986,0.0069705094,0.024300078
future_sparsity__layer_11__final_context__per_variate,future_sparsity,11,final_context,per_variate,0.44619632,0.014022098,0.02477004
future_sparsity__layer_11__final_context__series_mean,future_sparsity,11,final_context,series_mean,0.46177804,0.009085723,0.022483334
future_sparsity__layer_11__first_decode__per_variate,future_sparsity,11,first_decode,per_variate,0.465744,0.0072200084,0.024550306
future_sparsity__layer_11__first_decode__series_mean,future_sparsity,11,first_decode,series_mean,0.4656233,0.007347654,0.02407273
current_burstiness__layer_-1__all_context__per_variate,current_burstiness,-1,all_context,per_variate,0.17225778,-0.011204535,-0.19921255
current_burstiness__layer_-1__all_context__series_mean,current_burstiness,-1,all_context,series_mean,-0.040254533,0.07275912,-0.04815731
current_burstiness__layer_-1__final_context__per_variate,current_burstiness,-1,final_context,per_variate,-1.1378787,-1.3538433,-0.3945078
current_burstiness__layer_-1__final_context__series_mean,current_burstiness,-1,final_context,series_mean,-1.0669006,0.18020062,-0.26408637
current_burstiness__layer_-1__first_decode__per_variate,current_burstiness,-1,first_decode,per_variate,0.4535971,0.010827384,0.026217652
current_burstiness__layer_-1__first_decode__series_mean,current_burstiness,-1,first_decode,series_mean,0.45764744,0.011429876,0.019598197
current_burstiness__layer_0__all_context__per_variate,current_burstiness,0,all_context,per_variate,0.17072059,-0.012533688,-0.19772957
current_burstiness__layer_0__all_context__series_mean,current_burstiness,0,all_context,series_mean,-0.038522728,0.07706921,-0.053617
current_burstiness__layer_0__final_context__per_variate,current_burstiness,0,final_context,per_variate,-1.1393452,-1.3553476,-0.39309555
current_burstiness__layer_0__final_context__series_mean,current_burstiness,0,final_context,series_mean,-1.0653625,0.18440446,-0.27018058
current_burstiness__layer_0__first_decode__per_variate,current_burstiness,0,first_decode,per_variate,0.45259872,0.009710582,0.027312323
current_burstiness__layer_0__first_decode__series_mean,current_burstiness,0,first_decode,series_mean,0.45906824,0.015422332,0.014494243
current_burstiness__layer_1__all_context__per_variate,current_burstiness,1,all_context,per_variate,0.17162669,-0.014173313,-0.19619805
current_burstiness__layer_1__all_context__series_mean,current_burstiness,1,all_context,series_mean,-0.040119234,0.08133344,-0.05947433
current_burstiness__layer_1__final_context__per_variate,current_burstiness,1,final_context,per_variate,-1.1384594,-1.356925,-0.39213854
current_burstiness__layer_1__final_context__series_mean,current_burstiness,1,final_context,series_mean,-1.0667679,0.1886988,-0.2762814
current_burstiness__layer_1__first_decode__per_variate,current_burstiness,1,first_decode,per_variate,0.453124,0.008411827,0.028305892
current_burstiness__layer_1__first_decode__series_mean,current_burstiness,1,first_decode,series_mean,0.45793387,0.019957138,0.008767943
current_burstiness__layer_2__all_context__per_variate,current_burstiness,2,all_context,per_variate,0.17235743,-0.01580991,-0.19432522
current_burstiness__layer_2__all_context__series_mean,current_burstiness,2,all_context,series_mean,-0.03951528,0.083631866,-0.06357991
current_burstiness__layer_2__final_context__per_variate,current_burstiness,2,final_context,per_variate,-1.1378845,-1.358419,-0.39057577
current_burstiness__layer_2__final_context__series_mean,current_burstiness,2,final_context,series_mean,-1.0657529,0.19094776,-0.28049695
current_burstiness__layer_2__first_decode__per_variate,current_burstiness,2,first_decode,per_variate,0.45379344,0.007201401,0.029588765
current_burstiness__layer_2__first_decode__series_mean,current_burstiness,2,first_decode,series_mean,0.45885748,0.022055311,0.004944665
current_burstiness__layer_3__all_context__per_variate,current_burstiness,3,all_context,per_variate,0.17233497,-0.015967723,-0.19226569
current_burstiness__layer_3__all_context__series_mean,current_burstiness,3,all_context,series_mean,-0.039554663,0.083268195,-0.07003637
current_burstiness__layer_3__final_context__per_variate,current_burstiness,3,final_context,per_variate,-1.1382651,-1.3586998,-0.38904685
current_burstiness__layer_3__final_context__series_mean,current_burstiness,3,final_context,series_mean,-1.0658191,0.19047639,-0.28727162
current_burstiness__layer_3__first_decode__per_variate,current_burstiness,3,first_decode,per_variate,0.45345327,0.0072117588,0.031390727
current_burstiness__layer_3__first_decode__series_mean,current_burstiness,3,first_decode,series_mean,0.4590895,0.021847453,-0.00081563555
current_burstiness__layer_4__all_context__per_variate,current_burstiness,4,all_context,per_variate,0.17260365,-0.018026639,-0.19118972
current_burstiness__layer_4__all_context__series_mean,current_burstiness,4,all_context,series_mean,-0.038748663,0.08668758,-0.07584952
current_burstiness__layer_4__final_context__per_variate,current_burstiness,4,final_context,per_variate,-1.1376652,-1.3604846,-0.38831586
current_burstiness__layer_4__final_context__series_mean,current_burstiness,4,final_context,series_mean,-1.0649981,0.1936673,-0.29335573
current_burstiness__layer_4__first_decode__per_variate,current_burstiness,4,first_decode,per_variate,0.45386127,0.0056122323,0.032117836
current_burstiness__layer_4__first_decode__series_mean,current_burstiness,4,first_decode,series_mean,0.45999366,0.024967596,-0.0064195707
current_burstiness__layer_5__all_context__per_variate,current_burstiness,5,all_context,per_variate,0.1724761,-0.017809657,-0.19215229
current_burstiness__layer_5__all_context__series_mean,current_burstiness,5,all_context,series_mean,-0.039618507,0.08480424,-0.075839885
current_burstiness__layer_5__final_context__per_variate,current_burstiness,5,final_context,per_variate,-1.1377528,-1.360263,-0.3890753
current_burstiness__layer_5__final_context__series_mean,current_burstiness,5,final_context,series_mean,-1.0661027,0.19190404,-0.29351494
current_burstiness__layer_5__first_decode__per_variate,current_burstiness,5,first_decode,per_variate,0.45383477,0.0056484435,0.031042721
current_burstiness__layer_5__first_decode__series_mean,current_burstiness,5,first_decode,series_mean,0.45903033,0.023760617,-0.007077677
current_burstiness__layer_6__all_context__per_variate,current_burstiness,6,all_context,per_variate,0.17100157,-0.017614199,-0.19198689
current_burstiness__layer_6__all_context__series_mean,current_burstiness,6,all_context,series_mean,-0.036477342,0.08266512,-0.07481145
current_burstiness__layer_6__final_context__per_variate,current_burstiness,6,final_context,per_variate,-1.1390272,-1.3604975,-0.38889524
current_burstiness__layer_6__final_context__series_mean,current_burstiness,6,final_context,series_mean,-1.0627593,0.18942755,-0.2924809
current_burstiness__layer_6__first_decode__per_variate,current_burstiness,6,first_decode,per_variate,0.45288402,0.0051954095,0.03122092
current_burstiness__layer_6__first_decode__series_mean,current_burstiness,6,first_decode,series_mean,0.46223727,0.02174201,-0.006016049
current_burstiness__layer_7__all_context__per_variate,current_burstiness,7,all_context,per_variate,0.17164505,-0.017647473,-0.19077082
current_burstiness__layer_7__all_context__series_mean,current_burstiness,7,all_context,series_mean,-0.038092967,0.08372927,-0.07661332
current_burstiness__layer_7__final_context__per_variate,current_burstiness,7,final_context,per_variate,-1.1386476,-1.360586,-0.38798118
current_burstiness__layer_7__final_context__series_mean,current_burstiness,7,final_context,series_mean,-1.0645255,0.19100787,-0.29416502
current_burstiness__layer_7__first_decode__per_variate,current_burstiness,7,first_decode,per_variate,0.4529995,0.0053291353,0.03233854
current_burstiness__layer_7__first_decode__series_mean,current_burstiness,7,first_decode,series_mean,0.46028215,0.02231057,-0.008107011
current_burstiness__layer_8__all_context__per_variate,current_burstiness,8,all_context,per_variate,0.17235622,-0.018095769,-0.19155608
current_burstiness__layer_8__all_context__series_mean,current_burstiness,8,all_context,series_mean,-0.040347528,0.08600034,-0.075159885
current_burstiness__layer_8__final_context__per_variate,current_burstiness,8,final_context,per_variate,-1.1378659,-1.3608339,-0.38851088
current_burstiness__layer_8__final_context__series_mean,current_burstiness,8,final_context,series_mean,-1.0672873,0.19350418,-0.2925038
current_burstiness__layer_8__first_decode__per_variate,current_burstiness,8,first_decode,per_variate,0.45370716,0.004846498,0.031665288
current_burstiness__layer_8__first_decode__series_mean,current_burstiness,8,first_decode,series_mean,0.45800805,0.025023809,-0.0066416557
current_burstiness__layer_9__all_context__per_variate,current_burstiness,9,all_context,per_variate,0.17170553,-0.02101091,-0.19088295
current_burstiness__layer_9__all_context__series_mean,current_burstiness,9,all_context,series_mean,-0.03932615,0.09272875,-0.07589881
current_burstiness__layer_9__final_context__per_variate,current_burstiness,9,final_context,per_variate,-1.1383394,-1.3631976,-0.38812006
current_burstiness__layer_9__final_context__series_mean,current_burstiness,9,final_context,series_mean,-1.0665774,0.20009789,-0.29354888
current_burstiness__layer_9__first_decode__per_variate,current_burstiness,9,first_decode,per_variate,0.45329383,0.002772831,0.03205459
current_burstiness__layer_9__first_decode__series_mean,current_burstiness,9,first_decode,series_mean,0.45923373,0.03193384,-0.0070356396
current_burstiness__layer_10__all_context__per_variate,current_burstiness,10,all_context,per_variate,0.17170593,-0.019765673,-0.19064462
current_burstiness__layer_10__all_context__series_mean,current_burstiness,10,all_context,series_mean,-0.03836298,0.092036836,-0.07808437
current_burstiness__layer_10__final_context__per_variate,current_burstiness,10,final_context,per_variate,-1.1379968,-1.3623985,-0.38809994
current_burstiness__layer_10__final_context__series_mean,current_burstiness,10,final_context,series_mean,-1.0655777,0.19983266,-0.29632682
current_burstiness__layer_10__first_decode__per_variate,current_burstiness,10,first_decode,per_variate,0.45329314,0.0036833126,0.032481547
current_burstiness__layer_10__first_decode__series_mean,current_burstiness,10,first_decode,series_mean,0.4602313,0.030968241,-0.009486914
current_burstiness__layer_11__all_context__per_variate,current_burstiness,11,all_context,per_variate,0.17052229,-0.019367265,-0.19255073
current_burstiness__layer_11__all_context__series_mean,current_burstiness,11,all_context,series_mean,-0.035199106,0.09283613,-0.07285584
current_burstiness__layer_11__final_context__per_variate,current_burstiness,11,final_context,per_variate,-1.1374291,-1.3634803,-0.38598105
current_burstiness__layer_11__final_context__series_mean,current_burstiness,11,final_context,series_mean,-1.0623577,0.19997007,-0.28956586
current_burstiness__layer_11__first_decode__per_variate,current_burstiness,11,first_decode,per_variate,0.4534757,0.003773875,0.03242823
current_burstiness__layer_11__first_decode__series_mean,current_burstiness,11,first_decode,series_mean,0.46045578,0.031341422,-0.007543481
future_burstiness__layer_-1__all_context__per_variate,future_burstiness,-1,all_context,per_variate,0.23837581,0.013587979,0.03548655
future_burstiness__layer_-1__all_context__series_mean,future_burstiness,-1,all_context,series_mean,0.10298399,0.01836233,-0.045046564
future_burstiness__layer_-1__final_context__per_variate,future_burstiness,-1,final_context,per_variate,-0.7075471,-0.9392672,0.27038503
future_burstiness__layer_-1__final_context__series_mean,future_burstiness,-1,final_context,series_mean,-0.32974443,-0.0072074933,-0.23107518
future_burstiness__layer_-1__first_decode__per_variate,future_burstiness,-1,first_decode,per_variate,0.46860823,0.0055108164,0.022713577
future_burstiness__layer_-1__first_decode__series_mean,future_burstiness,-1,first_decode,series_mean,0.4621579,0.010097728,0.022173658
future_burstiness__layer_0__all_context__per_variate,future_burstiness,0,all_context,per_variate,0.2372099,0.011580353,0.03817289
future_burstiness__layer_0__all_context__series_mean,future_burstiness,0,all_context,series_mean,0.104565606,0.022494238,-0.05018721
future_burstiness__layer_0__final_context__per_variate,future_burstiness,0,final_context,per_variate,-0.7087144,-0.94135916,0.27290156
future_burstiness__layer_0__final_context__series_mean,future_burstiness,0,final_context,series_mean,-0.3283534,-0.0034515574,-0.23697308
future_burstiness__layer_0__first_decode__per_variate,future_burstiness,0,first_decode,per_variate,0.46779564,0.0037096862,0.02497487
future_burstiness__layer_0__first_decode__series_mean,future_burstiness,0,first_decode,series_mean,0.46344355,0.013669471,0.017107451
future_burstiness__layer_1__all_context__per_variate,future_burstiness,1,all_context,per_variate,0.2383877,0.009066628,0.04103843
future_burstiness__layer_1__all_context__series_mean,future_burstiness,1,all_context,series_mean,0.10309268,0.026386233,-0.055732768
future_burstiness__layer_1__final_context__per_variate,future_burstiness,1,final_context,per_variate,-0.7074946,-0.94361454,0.27539542
future_burstiness__layer_1__final_context__series_mean,future_burstiness,1,final_context,series_mean,-0.32967985,0.00060239166,-0.24292511
future_burstiness__layer_1__first_decode__per_variate,future_burstiness,1,first_decode,per_variate,0.46886778,0.0016805949,0.027308224
future_burstiness__layer_1__first_decode__series_mean,future_burstiness,1,first_decode,series_mean,0.46223906,0.01753802,0.0117691355
future_burstiness__layer_2__all_context__per_variate,future_burstiness,2,all_context,per_variate,0.23844007,0.0073040016,0.043633845
future_burstiness__layer_2__all_context__series_mean,future_burstiness,2,all_context,series_mean,0.10391836,0.02843725,-0.059478905
future_burstiness__layer_2__final_context__per_variate,future_burstiness,2,final_context,per_variate,-0.70762235,-0.94516355,0.27790365
future_burstiness__layer_2__final_context__series_mean,future_burstiness,2,final_context,series_mean,-0.32863167,0.002563298,-0.24622443
future_burstiness__layer_2__first_decode__per_variate,future_burstiness,2,first_decode,per_variate,0.4688846,0.00032063603,0.029290587
future_burstiness__layer_2__first_decode__series_mean,future_burstiness,2,first_decode,series_mean,0.46329388,0.019546933,0.008494135
future_burstiness__layer_3__all_context__per_variate,future_burstiness,3,all_context,per_variate,0.2384616,0.007022979,0.046753958
future_burstiness__layer_3__all_context__series_mean,future_burstiness,3,all_context,series_mean,0.10380434,0.027844738,-0.06567372
future_burstiness__layer_3__final_context__per_variate,future_burstiness,3,final_context,per_variate,-0.7078241,-0.94546324,0.28073168
future_burstiness__layer_3__final_context__series_mean,future_burstiness,3,final_context,series_mean,-0.3288314,0.0019775005,-0.25241095
future_burstiness__layer_3__first_decode__per_variate,future_burstiness,3,first_decode,per_variate,0.46873096,0.00027111275,0.032077655
future_burstiness__layer_3__first_decode__series_mean,future_burstiness,3,first_decode,series_mean,0.46326974,0.01868952,0.0030486989
future_burstiness__layer_4__all_context__per_variate,future_burstiness,4,all_context,per_variate,0.23847437,0.004663224,0.04929733
future_burstiness__layer_4__all_context__series_mean,future_burstiness,4,all_context,series_mean,0.10463466,0.031121755,-0.07126792
future_burstiness__layer_4__final_context__per_variate,future_burstiness,4,final_context,per_variate,-0.70750713,-0.9474658,0.28300583
future_burstiness__layer_4__final_context__series_mean,future_burstiness,4,final_context,series_mean,-0.32802907,0.0050610965,-0.2582796
future_burstiness__layer_4__first_decode__per_variate,future_burstiness,4,first_decode,per_variate,0.4689337,-0.0019126848,0.03423185
future_burstiness__layer_4__first_decode__series_mean,future_burstiness,4,first_decode,series_mean,0.46424183,0.021332784,-0.002186787
future_burstiness__layer_5__all_context__per_variate,future_burstiness,5,all_context,per_variate,0.23862809,0.0050716265,0.04913319
future_burstiness__layer_5__all_context__series_mean,future_burstiness,5,all_context,series_mean,0.10383118,0.02923153,-0.07130582
future_burstiness__layer_5__final_context__per_variate,future_burstiness,5,final_context,per_variate,-0.70713663,-0.9468979,0.28296417
future_burstiness__layer_5__final_context__series_mean,future_burstiness,5,final_context,series_mean,-0.32910776,0.0028959233,-0.25882137
future_burstiness__layer_5__first_decode__per_variate,future_burstiness,5,first_decode,per_variate,0.46920046,-0.0017783209,0.033798438
future_burstiness__layer_5__first_decode__series_mean,future_burstiness,5,first_decode,series_mean,0.46321493,0.020213101,-0.0029050629
future_burstiness__layer_6__all_context__per_variate,future_burstiness,6,all_context,per_variate,0.23683125,0.0056475853,0.04875191
future_burstiness__layer_6__all_context__series_mean,future_burstiness,6,all_context,series_mean,0.106905326,0.027156495,-0.070346646
future_burstiness__layer_6__final_context__per_variate,future_burstiness,6,final_context,per_variate,-0.70871687,-0.94668186,0.28275403
future_burstiness__layer_6__final_context__series_mean,future_burstiness,6,final_context,series_mean,-0.32613257,0.0005563615,-0.25786617
future_burstiness__layer_6__first_decode__per_variate,future_burstiness,6,first_decode,per_variate,0.46794513,-0.0018053722,0.03352944
future_burstiness__layer_6__first_decode__series_mean,future_burstiness,6,first_decode,series_mean,0.46635893,0.018213755,-0.0016215141
future_burstiness__layer_7__all_context__per_variate,future_burstiness,7,all_context,per_variate,0.23786521,0.005158993,0.0500499
future_burstiness__layer_7__all_context__series_mean,future_burstiness,7,all_context,series_mean,0.105270326,0.028078517,-0.07184934
future_burstiness__layer_7__final_context__per_variate,future_burstiness,7,final_context,per_variate,-0.70784765,-0.9471666,0.28379142
future_burstiness__layer_7__final_context__series_mean,future_burstiness,7,final_context,series_mean,-0.3278287,0.0016574877,-0.2589652
future_burstiness__layer_7__first_decode__per_variate,future_burstiness,7,first_decode,per_variate,0.46855438,-0.0021945057,0.034626935
future_burstiness__layer_7__first_decode__series_mean,future_burstiness,7,first_decode,series_mean,0.4644645,0.018705996,-0.0032942551
future_burstiness__layer_8__all_context__per_variate,future_burstiness,8,all_context,per_variate,0.23889148,0.0041057635,0.04897006
future_burstiness__layer_8__all_context__series_mean,future_burstiness,8,all_context,series_mean,0.102862045,0.030044427,-0.0705092
future_burstiness__layer_8__final_context__per_variate,future_burstiness,8,final_context,per_variate,-0.706667,-0.9482358,0.28294203
future_burstiness__layer_8__final_context__series_mean,future_burstiness,8,final_context,series_mean,-0.3306405,0.0035905584,-0.25744164
future_burstiness__layer_8__first_decode__per_variate,future_burstiness,8,first_decode,per_variate,0.4695418,-0.0032364484,0.03364473
future_burstiness__layer_8__first_decode__series_mean,future_burstiness,8,first_decode,series_mean,0.46219838,0.020970164,-0.0016565331
future_burstiness__layer_9__all_context__per_variate,future_burstiness,9,all_context,per_variate,0.238069,0.00013787864,0.04982088
future_burstiness__layer_9__all_context__series_mean,future_burstiness,9,all_context,series_mean,0.103791304,0.036408495,-0.07107807
future_burstiness__layer_9__final_context__per_variate,future_burstiness,9,final_context,per_variate,-0.7073812,-0.9518253,0.28355065
future_burstiness__layer_9__final_context__series_mean,future_burstiness,9,final_context,series_mean,-0.33009723,0.009733774,-0.25786632
future_burstiness__layer_9__first_decode__per_variate,future_burstiness,9,first_decode,per_variate,0.4690439,-0.0064793304,0.034322567
future_burstiness__layer_9__first_decode__series_mean,future_burstiness,9,first_decode,series_mean,0.4633985,0.0271514,-0.0018413995
future_burstiness__layer_10__all_context__per_variate,future_burstiness,10,all_context,per_variate,0.2377019,0.0012650709,0.0508585
future_burstiness__layer_10__all_context__series_mean,future_burstiness,10,all_context,series_mean,0.10469871,0.036007475,-0.07320879
future_burstiness__layer_10__final_context__per_variate,future_burstiness,10,final_context,per_variate,-0.70741713,-0.95133704,0.2843676
future_burstiness__layer_10__final_context__series_mean,future_burstiness,10,final_context,series_mean,-0.32904568,0.009845301,-0.26018015
future_burstiness__layer_10__first_decode__per_variate,future_burstiness,10,first_decode,per_variate,0.46869296,-0.0056047062,0.035400484
future_burstiness__layer_10__first_decode__series_mean,future_burstiness,10,first_decode,series_mean,0.4643824,0.026707131,-0.0041812155
future_burstiness__layer_11__all_context__per_variate,future_burstiness,11,all_context,per_variate,0.23632224,0.0010973384,0.048059065
future_burstiness__layer_11__all_context__series_mean,future_burstiness,11,all_context,series_mean,0.10782487,0.03699099,-0.06881594
future_burstiness__layer_11__final_context__per_variate,future_burstiness,11,final_context,per_variate,-0.7078298,-0.9531458,0.2845567
future_burstiness__layer_11__final_context__series_mean,future_burstiness,11,final_context,series_mean,-0.3264557,0.010833969,-0.25515354
future_burstiness__layer_11__first_decode__per_variate,future_burstiness,11,first_decode,per_variate,0.46837604,-0.005570035,0.035051066
future_burstiness__layer_11__first_decode__series_mean,future_burstiness,11,first_decode,series_mean,0.46477193,0.026817773,-0.0026703882
shift_risk__layer_-1__all_context__per_variate,shift_risk,-1,all_context,per_variate,-0.049802322,0.119722195,0.094021656
shift_risk__layer_-1__all_context__series_mean,shift_risk,-1,all_context,series_mean,-0.070174195,0.09421841,-0.07229727
shift_risk__layer_-1__final_context__per_variate,shift_risk,-1,final_context,per_variate,-1.525564,-0.058870718,0.881133
shift_risk__layer_-1__final_context__series_mean,shift_risk,-1,final_context,series_mean,-1.1305743,0.3098486,-0.28238758
shift_risk__layer_-1__first_decode__per_variate,shift_risk,-1,first_decode,per_variate,0.46130788,-0.0064554536,0.023873314
shift_risk__layer_-1__first_decode__series_mean,shift_risk,-1,first_decode,series_mean,0.45431396,0.00934244,0.01995728
shift_risk__layer_0__all_context__per_variate,shift_risk,0,all_context,per_variate,-0.05091911,0.117205404,0.09650711
shift_risk__layer_0__all_context__series_mean,shift_risk,0,all_context,series_mean,-0.06880026,0.09824756,-0.077407554
shift_risk__layer_0__final_context__per_variate,shift_risk,0,final_context,per_variate,-1.5266505,-0.06107539,0.88312644
shift_risk__layer_0__final_context__series_mean,shift_risk,0,final_context,series_mean,-1.1291457,0.31371313,-0.2883716
shift_risk__layer_0__first_decode__per_variate,shift_risk,0,first_decode,per_variate,0.4605656,-0.008353849,0.0255095
shift_risk__layer_0__first_decode__series_mean,shift_risk,0,first_decode,series_mean,0.4556725,0.012958431,0.014847508
shift_risk__layer_1__all_context__per_variate,shift_risk,1,all_context,per_variate,-0.04974584,0.11430491,0.0995019
shift_risk__layer_1__all_context__series_mean,shift_risk,1,all_context,series_mean,-0.070173696,0.10220755,-0.08269151
shift_risk__layer_1__final_context__per_variate,shift_risk,1,final_context,per_variate,-1.5256741,-0.06380404,0.8854779
shift_risk__layer_1__final_context__series_mean,shift_risk,1,final_context,series_mean,-1.1304433,0.3177945,-0.29412937
shift_risk__layer_1__first_decode__per_variate,shift_risk,1,first_decode,per_variate,0.46163234,-0.010758849,0.027729003
shift_risk__layer_1__first_decode__series_mean,shift_risk,1,first_decode,series_mean,0.45461383,0.01713944,0.009609773
shift_risk__layer_2__all_context__per_variate,shift_risk,2,all_context,per_variate,-0.049649928,0.112612754,0.10239834
shift_risk__layer_2__all_context__series_mean,shift_risk,2,all_context,series_mean,-0.06929148,0.10416861,-0.086550936
shift_risk__layer_2__final_context__per_variate,shift_risk,2,final_context,per_variate,-1.5253314,-0.06554989,0.88814425
shift_risk__layer_2__final_context__series_mean,shift_risk,2,final_context,series_mean,-1.1293353,0.31958336,-0.29775655
shift_risk__layer_2__first_decode__per_variate,shift_risk,2,first_decode,per_variate,0.46195775,-0.012167123,0.030079884
shift_risk__layer_2__first_decode__series_mean,shift_risk,2,first_decode,series_mean,0.45570883,0.01907315,0.0062277177
shift_risk__layer_3__all_context__per_variate,shift_risk,3,all_context,per_variate,-0.049986605,0.1121239,0.105995476
shift_risk__layer_3__all_context__series_mean,shift_risk,3,all_context,series_mean,-0.06930725,0.103997774,-0.092534885
shift_risk__layer_3__final_context__per_variate,shift_risk,3,final_context,per_variate,-1.5257695,-0.066334434,0.89082086
shift_risk__layer_3__final_context__series_mean,shift_risk,3,final_context,series_mean,-1.129331,0.3194664,-0.3041181
shift_risk__layer_3__first_decode__per_variate,shift_risk,3,first_decode,per_variate,0.46167472,-0.012923116,0.03272864
shift_risk__layer_3__first_decode__series_mean,shift_risk,3,first_decode,series_mean,0.4556961,0.018873414,0.0010145687
shift_risk__layer_4__all_context__per_variate,shift_risk,4,all_context,per_variate,-0.0500194,0.109821826,0.108697206
shift_risk__layer_4__all_context__series_mean,shift_risk,4,all_context,series_mean,-0.068584874,0.10739095,-0.09798502
shift_risk__layer_4__final_context__per_variate,shift_risk,4,final_context,per_variate,-1.5256008,-0.068300545,0.89279634
shift_risk__layer_4__final_context__series_mean,shift_risk,4,final_context,series_mean,-1.1284057,0.3229694,-0.3099617
shift_risk__layer_4__first_decode__per_variate,shift_risk,4,first_decode,per_variate,0.46174595,-0.015157284,0.034289595
shift_risk__layer_4__first_decode__series_mean,shift_risk,4,first_decode,series_mean,0.45673433,0.021845708,-0.004440211
shift_risk__layer_5__all_context__per_variate,shift_risk,5,all_context,per_variate,-0.049787592,0.11041091,0.10787101
shift_risk__layer_5__all_context__series_mean,shift_risk,5,all_context,series_mean,-0.0693065,0.105594985,-0.09803908
shift_risk__layer_5__final_context__per_variate,shift_risk,5,final_context,per_variate,-1.5254921,-0.06816402,0.89171565
shift_risk__layer_5__final_context__series_mean,shift_risk,5,final_context,series_mean,-1.1294457,0.3210607,-0.31035265
shift_risk__layer_5__first_decode__per_variate,shift_risk,5,first_decode,per_variate,0.46180773,-0.015156587,0.0332511
shift_risk__layer_5__first_decode__series_mean,shift_risk,5,first_decode,series_mean,0.4556984,0.020429702,-0.005207447
shift_risk__layer_6__all_context__per_variate,shift_risk,6,all_context,per_variate,-0.0512403,0.11103374,0.10759411
shift_risk__layer_6__all_context__series_mean,shift_risk,6,all_context,series_mean,-0.06642897,0.10357495,-0.09702973
shift_risk__layer_6__final_context__per_variate,shift_risk,6,final_context,per_variate,-1.5268648,-0.06827661,0.89157724
shift_risk__layer_6__final_context__series_mean,shift_risk,6,final_context,series_mean,-1.1266036,0.318758,-0.3093687
shift_risk__layer_6__first_decode__per_variate,shift_risk,6,first_decode,per_variate,0.4608077,-0.015133038,0.033151794
shift_risk__layer_6__first_decode__series_mean,shift_risk,6,first_decode,series_mean,0.45891663,0.018453768,-0.0040447833
shift_risk__layer_7__all_context__per_variate,shift_risk,7,all_context,per_variate,-0.05050894,0.11041279,0.10898358
shift_risk__layer_7__all_context__series_mean,shift_risk,7,all_context,series_mean,-0.06802701,0.10443099,-0.09864672
shift_risk__layer_7__final_context__per_variate,shift_risk,7,final_context,per_variate,-1.5264518,-0.06862313,0.89264876
shift_risk__layer_7__final_context__series_mean,shift_risk,7,final_context,series_mean,-1.1283083,0.3200399,-0.31073764
shift_risk__layer_7__first_decode__per_variate,shift_risk,7,first_decode,per_variate,0.46127614,-0.01548392,0.034534115
shift_risk__layer_7__first_decode__series_mean,shift_risk,7,first_decode,series_mean,0.45710066,0.019224092,-0.005995377
shift_risk__layer_8__all_context__per_variate,shift_risk,8,all_context,per_variate,-0.04965074,0.10935158,0.10805461
shift_risk__layer_8__all_context__series_mean,shift_risk,8,all_context,series_mean,-0.07025536,0.10637096,-0.097352274
shift_risk__layer_8__final_context__per_variate,shift_risk,8,final_context,per_variate,-1.5260091,-0.069377564,0.89209855
shift_risk__layer_8__final_context__series_mean,shift_risk,8,final_context,series_mean,-1.1312082,0.32212943,-0.30920678
shift_risk__layer_8__first_decode__per_variate,shift_risk,8,first_decode,per_variate,0.4619252,-0.016322026,0.03373546
shift_risk__layer_8__first_decode__series_mean,shift_risk,8,first_decode,series_mean,0.45507324,0.021672916,-0.0044540996
shift_risk__layer_9__all_context__per_variate,shift_risk,9,all_context,per_variate,-0.05048495,0.1053591,0.10900194
shift_risk__layer_9__all_context__series_mean,shift_risk,9,all_context,series_mean,-0.06929153,0.11253736,-0.09791574
shift_risk__layer_9__final_context__per_variate,shift_risk,9,final_context,per_variate,-1.5269336,-0.072953895,0.89336115
shift_risk__layer_9__final_context__series_mean,shift_risk,9,final_context,series_mean,-1.1305643,0.32809573,-0.30987662
shift_risk__layer_9__first_decode__per_variate,shift_risk,9,first_decode,per_variate,0.4613856,-0.019419482,0.034783635
shift_risk__layer_9__first_decode__series_mean,shift_risk,9,first_decode,series_mean,0.45641577,0.028116887,-0.0049211313
shift_risk__layer_10__all_context__per_variate,shift_risk,10,all_context,per_variate,-0.050784796,0.106508456,0.11015266
shift_risk__layer_10__all_context__series_mean,shift_risk,10,all_context,series_mean,-0.06827083,0.11207108,-0.09994858
shift_risk__layer_10__final_context__per_variate,shift_risk,10,final_context,per_variate,-1.5269406,-0.07186949,0.893985
shift_risk__layer_10__final_context__series_mean,shift_risk,10,final_context,series_mean,-1.1294712,0.32806617,-0.31233433
shift_risk__layer_10__first_decode__per_variate,shift_risk,10,first_decode,per_variate,0.46133813,-0.018347137,0.03564973
shift_risk__layer_10__first_decode__series_mean,shift_risk,10,first_decode,series_mean,0.45747492,0.02736042,-0.0072374456
shift_risk__layer_11__all_context__per_variate,shift_risk,11,all_context,per_variate,-0.05234415,0.10703344,0.10692099
shift_risk__layer_11__all_context__series_mean,shift_risk,11,all_context,series_mean,-0.06535524,0.11295011,-0.095350504
shift_risk__layer_11__final_context__per_variate,shift_risk,11,final_context,per_variate,-1.5273011,-0.072341554,0.8941423
shift_risk__layer_11__final_context__series_mean,shift_risk,11,final_context,series_mean,-1.1268669,0.32939374,-0.3061391
shift_risk__layer_11__first_decode__per_variate,shift_risk,11,first_decode,per_variate,0.46113482,-0.018472325,0.035521057
shift_risk__layer_11__first_decode__series_mean,shift_risk,11,first_decode,series_mean,0.45824972,0.027191142,-0.005599238
coordination__layer_-1__all_context__per_variate,coordination,-1,all_context,per_variate,-0.12876853,0.20606582,0.037908502
coordination__layer_-1__all_context__series_mean,coordination,-1,all_context,series_mean,-0.1379808,0.14452423,-0.016138379
coordination__layer_-1__final_context__per_variate,coordination,-1,final_context,per_variate,-1.7807907,0.56324905,0.06429288
coordination__layer_-1__final_context__series_mean,coordination,-1,final_context,series_mean,-1.631222,0.4662662,-0.19368744
coordination__layer_-1__first_decode__per_variate,coordination,-1,first_decode,per_variate,0.4619358,-0.001852546,0.03126856
coordination__layer_-1__first_decode__series_mean,coordination,-1,first_decode,series_mean,0.4591501,-0.002098076,0.024927882
coordination__layer_0__all_context__per_variate,coordination,0,all_context,per_variate,-0.12847511,0.20578432,0.037939437
coordination__layer_0__all_context__series_mean,coordination,0,all_context,series_mean,-0.13773675,0.14498837,-0.016735498
coordination__layer_0__final_context__per_variate,coordination,0,final_context,per_variate,-1.780638,0.56323195,0.0640385
coordination__layer_0__final_context__series_mean,coordination,0,final_context,series_mean,-1.6309595,0.46658048,-0.19459102
coordination__layer_0__first_decode__per_variate,coordination,0,first_decode,per_variate,0.46219045,-0.001947443,0.031134233
coordination__layer_0__first_decode__series_mean,coordination,0,first_decode,series_mean,0.45918596,-0.0017303532,0.024392305
coordination__layer_1__all_context__per_variate,coordination,1,all_context,per_variate,-0.1284913,0.20560291,0.038013723
coordination__layer_1__all_context__series_mean,coordination,1,all_context,series_mean,-0.13776262,0.14545238,-0.017537635
coordination__layer_1__final_context__per_variate,coordination,1,final_context,per_variate,-1.7807666,0.5632327,0.063919514
coordination__layer_1__final_context__series_mean,coordination,1,final_context,series_mean,-1.6310805,0.4669603,-0.19529594
coordination__layer_1__first_decode__per_variate,coordination,1,first_decode,per_variate,0.46212575,-0.0020843754,0.030948946
coordination__layer_1__first_decode__series_mean,coordination,1,first_decode,series_mean,0.4590055,-0.0012421706,0.023706967
coordination__layer_2__all_context__per_variate,coordination,2,all_context,per_variate,-0.12916486,0.20555264,0.038090583
coordination__layer_2__all_context__series_mean,coordination,2,all_context,series_mean,-0.13787092,0.14547272,-0.01799906
coordination__layer_2__final_context__per_variate,coordination,2,final_context,per_variate,-1.7812324,0.56318015,0.06393375
coordination__layer_2__final_context__series_mean,coordination,2,final_context,series_mean,-1.6309736,0.46722302,-0.19596848
coordination__layer_2__first_decode__per_variate,coordination,2,first_decode,per_variate,0.46163234,-0.0020254091,0.030916464
coordination__layer_2__first_decode__series_mean,coordination,2,first_decode,series_mean,0.45901906,-0.0010084844,0.02303745
coordination__layer_3__all_context__per_variate,coordination,3,all_context,per_variate,-0.12908548,0.20528093,0.03824003
coordination__layer_3__all_context__series_mean,coordination,3,all_context,series_mean,-0.13775422,0.14539781,-0.018877069
coordination__layer_3__final_context__per_variate,coordination,3,final_context,per_variate,-1.781377,0.56271625,0.06400286
coordination__layer_3__final_context__series_mean,coordination,3,final_context,series_mean,-1.6309947,0.4672376,-0.19694304
coordination__layer_3__first_decode__per_variate,coordination,3,first_decode,per_variate,0.46160582,-0.0020690865,0.030948024
coordination__layer_3__first_decode__series_mean,coordination,3,first_decode,series_mean,0.45917732,-0.0008687092,0.022504985
coordination__layer_4__all_context__per_variate,coordination,4,all_context,per_variate,-0.12917976,0.20503414,0.038115717
coordination__layer_4__all_context__series_mean,coordination,4,all_context,series_mean,-0.13763152,0.14571463,-0.019518008
coordination__layer_4__final_context__per_variate,coordination,4,final_context,per_variate,-1.7813889,0.56254774,0.063738264
coordination__layer_4__final_context__series_mean,coordination,4,final_context,series_mean,-1.6311003,0.4677419,-0.19757871
coordination__layer_4__first_decode__per_variate,coordination,4,first_decode,per_variate,0.46154842,-0.0023618855,0.03069732
coordination__layer_4__first_decode__series_mean,coordination,4,first_decode,series_mean,0.45921138,-0.00045076406,0.021950303
coordination__layer_5__all_context__per_variate,coordination,5,all_context,per_variate,-0.12893951,0.20502457,0.03813387
coordination__layer_5__all_context__series_mean,coordination,5,all_context,series_mean,-0.13780072,0.1453918,-0.019410644
coordination__layer_5__final_context__per_variate,coordination,5,final_context,per_variate,-1.7811698,0.56252104,0.063602075
coordination__layer_5__final_context__series_mean,coordination,5,final_context,series_mean,-1.6311905,0.46761495,-0.19768438
coordination__layer_5__first_decode__per_variate,coordination,5,first_decode,per_variate,0.4615684,-0.002425085,0.030558867
coordination__layer_5__first_decode__series_mean,coordination,5,first_decode,series_mean,0.4585825,-0.0004935035,0.021927448
coordination__layer_6__all_context__per_variate,coordination,6,all_context,per_variate,-0.12894562,0.20473517,0.037938952
coordination__layer_6__all_context__series_mean,coordination,6,all_context,series_mean,-0.13754079,0.14497606,-0.019261163
coordination__layer_6__final_context__per_variate,coordination,6,final_context,per_variate,-1.7810569,0.56200296,0.06343347
coordination__layer_6__final_context__series_mean,coordination,6,final_context,series_mean,-1.6307386,0.46692386,-0.197647
coordination__layer_6__first_decode__per_variate,coordination,6,first_decode,per_variate,0.4615321,-0.0026456001,0.030316096
coordination__layer_6__first_decode__series_mean,coordination,6,first_decode,series_mean,0.45904037,-0.0007794601,0.02209755
coordination__layer_7__all_context__per_variate,coordination,7,all_context,per_variate,-0.12906161,0.20475951,0.037932266
coordination__layer_7__all_context__series_mean,coordination,7,all_context,series_mean,-0.13773067,0.14508162,-0.019467268
coordination__layer_7__final_context__per_variate,coordination,7,final_context,per_variate,-1.7812408,0.56215894,0.063399434
coordination__layer_7__final_context__series_mean,coordination,7,final_context,series_mean,-1.630701,0.46719444,-0.19778991
coordination__layer_7__first_decode__per_variate,coordination,7,first_decode,per_variate,0.46132538,-0.0023557593,0.03013691
coordination__layer_7__first_decode__series_mean,coordination,7,first_decode,series_mean,0.45856935,-0.0005358199,0.021370456
coordination__layer_8__all_context__per_variate,coordination,8,all_context,per_variate,-0.12921785,0.20465772,0.037909098
coordination__layer_8__all_context__series_mean,coordination,8,all_context,series_mean,-0.13811933,0.14539278,-0.019337475
coordination__layer_8__final_context__per_variate,coordination,8,final_context,per_variate,-1.781447,0.56207883,0.06374331
coordination__layer_8__final_context__series_mean,coordination,8,final_context,series_mean,-1.6311387,0.467446,-0.19720882
coordination__layer_8__first_decode__per_variate,coordination,8,first_decode,per_variate,0.46130922,-0.0023895672,0.030204212
coordination__layer_8__first_decode__series_mean,coordination,8,first_decode,series_mean,0.45822698,-0.00042599937,0.021425607
coordination__layer_9__all_context__per_variate,coordination,9,all_context,per_variate,-0.12950327,0.2049517,0.037854582
coordination__layer_9__all_context__series_mean,coordination,9,all_context,series_mean,-0.13815469,0.14616002,-0.01948429
coordination__layer_9__final_context__per_variate,coordination,9,final_context,per_variate,-1.7817973,0.562459,0.06378802
coordination__layer_9__final_context__series_mean,coordination,9,final_context,series_mean,-1.6312358,0.46831903,-0.19743954
coordination__layer_9__first_decode__per_variate,coordination,9,first_decode,per_variate,0.46116522,-0.0022056294,0.03002587
coordination__layer_9__first_decode__series_mean,coordination,9,first_decode,series_mean,0.45817336,0.00040380654,0.021118928
coordination__layer_10__all_context__per_variate,coordination,10,all_context,per_variate,-0.12988669,0.20494337,0.037981812
coordination__layer_10__all_context__series_mean,coordination,10,all_context,series_mean,-0.13815086,0.1463287,-0.019711038
coordination__layer_10__final_context__per_variate,coordination,10,final_context,per_variate,-1.781965,0.5622384,0.0638942
coordination__layer_10__final_context__series_mean,coordination,10,final_context,series_mean,-1.631197,0.4682661,-0.19753838
coordination__layer_10__first_decode__per_variate,coordination,10,first_decode,per_variate,0.46090695,-0.0023403044,0.030252447
coordination__layer_10__first_decode__series_mean,coordination,10,first_decode,series_mean,0.45831677,3.3456367e-05,0.02097401
coordination__layer_11__all_context__per_variate,coordination,11,all_context,per_variate,-0.1298969,0.20486921,0.03782248
coordination__layer_11__all_context__series_mean,coordination,11,all_context,series_mean,-0.13764384,0.14611545,-0.019029751
coordination__layer_11__final_context__per_variate,coordination,11,final_context,per_variate,-1.7819566,0.56130654,0.065104246
coordination__layer_11__final_context__series_mean,coordination,11,final_context,series_mean,-1.6302395,0.46725747,-0.19534354
coordination__layer_11__first_decode__per_variate,coordination,11,first_decode,per_variate,0.46082774,-0.0024158189,0.030540127
coordination__layer_11__first_decode__series_mean,coordination,11,first_decode,series_mean,0.4579649,0.00015950689,0.021350024
